{
  "per_variable": {
    "mse": [
      0.5038377872541839,
      0.4319597969055176,
      0.3706281555774165,
      0.3466333796931248,
      0.13550569302428003,
      0.07489684340533088,
      2089.8358446691177,
      2086.515007046569,
      279610314405.6872,
      0.10774611701217353
    ],
    "rmse": [
      0.7098153191177152,
      0.6572364847644397,
      0.6087923747694418,
      0.5887557895198354,
      0.36811097922267955,
      0.2736728766343696,
      45.71472240612555,
      45.678386651091,
      528781.915732457,
      0.328247036562668
    ],
    "mae": [
      0.44751515257592295,
      0.3816777126835842,
      0.38291991604075715,
      0.34330656403186277,
      0.23849758178112554,
      0.1616152073729272,
      30.165369600183823,
      30.133383942248777,
      353395.76909803925,
      0.2031236712137858
    ],
    "point_mse": [
      0.503574218136736,
      0.3036581226016792,
      0.3526012497649519,
      0.23879615595454678,
      0.1456071497063842,
      0.05019031168042014,
      3301.04129548506,
      3299.6038932677575,
      233343879962.16666,
      0.06523790214933957
    ],
    "point_rmse": [
      0.7096296344831831,
      0.5510518329537424,
      0.5938023659139057,
      0.48866773574131817,
      0.3815850491127557,
      0.22403194343758245,
      57.45468906438412,
      57.44217869534335,
      483056.80821427895,
      0.25541711404943007
    ],
    "point_mae": [
      0.5598530748530346,
      0.4175577238202095,
      0.4698488631961392,
      0.3699990016426526,
      0.30267412945920347,
      0.174022940900542,
      47.14677207142699,
      47.17544200373631,
      353410.8872549019,
      0.1942674184546751
    ]
  },
  "per_lead": {
    "rmse": [
      167659.08366251693,
      167213.57010149746,
      167117.54058274967,
      167013.81230475698,
      167007.12044514695,
      165865.49463993963,
      164915.37055242565,
      170870.13220833678,
      313327.8233444987,
      404439.95892073045,
      432826.3584119596,
      432754.8663679306
    ],
    "point_rmse": [
      0.20107059112668837,
      0.20609916066276157,
      0.2064047995505043,
      0.20689432964219928,
      0.2123053103780813,
      0.21410259542926885,
      0.2038380601531306,
      0.25541711404943007,
      0.4077740373137062,
      0.5265210201329223,
      0.6447437747005861,
      0.7527520100861941
    ],
    "point_mae": [
      0.12840706581140265,
      0.13350095917635105,
      0.13353341297410867,
      0.13763625240501234,
      0.13945062531560076,
      0.14319748851452388,
      0.13362753301785857,
      0.1942674184546751,
      0.32006007056720187,
      0.43406067833304407,
      0.5499122875055882,
      0.6484072288992454
    ]
  },
  "overall": {
    "mse": 27961031825.53419,
    "rmse": 167215.52507328437,
    "mae": 35345.82275524901
  },
  "totals": {
    "pixel_count": 6528000,
    "point_count": 102,
    "numel": 65280000,
    "samples": 102
  }
}