{
  "totals": {
    "pixel_count": 6528000,
    "point_count": 102,
    "numel": 65280000,
    "samples": 102
  },
  "physical": {
    "per_variable": {
      "mse": [
        0.5045188682406556,
        0.43479702347400145,
        0.37186337557025984,
        0.34917144307903214,
        0.1362578779482374,
        0.07652862228131761,
        2112.3980490196077,
        2105.150074754902,
        281643073394.6478,
        0.11001225080677107
      ],
      "rmse": [
        0.7102949163837903,
        0.6593914038520683,
        0.6098060147048895,
        0.5909073049802585,
        0.3691312475912022,
        0.276638070918154,
        45.960831683288845,
        45.88191446261699,
        530700.5496460766,
        0.3316809473074555
      ],
      "mae": [
        0.4484963842653761,
        0.38513543850767845,
        0.38461660243015666,
        0.34523222276276233,
        0.24076456414017022,
        0.16729907824946386,
        30.44382394109988,
        30.503580145143996,
        358471.91937254905,
        0.20896388558780446
      ],
      "point_mse": [
        0.4966136352451191,
        0.30403985078395207,
        0.35087965263560744,
        0.24180369497095372,
        0.1479130371245607,
        0.05350965647464729,
        3413.4850520564646,
        3359.646219770406,
        234988301646.7293,
        0.06756160416854946
      ],
      "point_rmse": [
        0.7047081915552842,
        0.5513980873959866,
        0.5923509539416708,
        0.491735391212544,
        0.38459464001018095,
        0.231321543472819,
        58.425037886649804,
        57.96245526002505,
        484755.91966135835,
        0.2599261513748654
      ],
      "point_mae": [
        0.555854278525301,
        0.4130909945450577,
        0.4682191237076825,
        0.36850948697503877,
        0.3084156828768113,
        0.18290581705742606,
        48.090724622502044,
        47.6732998642267,
        356788.40579044115,
        0.1948317356553732
      ]
    },
    "per_lead": {
      "rmse": [
        168230.9555287034,
        167538.3919378301,
        168088.657299561,
        168072.188573132,
        167484.44192644942,
        166620.88760555311,
        165202.4598652065,
        171278.21084311028,
        311431.1357501308,
        402031.6284032611,
        434185.57793041406,
        437791.2042484566
      ],
      "point_rmse": [
        0.2070414039723385,
        0.20186706270886018,
        0.2067484834063368,
        0.21047904809436221,
        0.21654024039502923,
        0.21789638013636056,
        0.20586580110198002,
        0.2599261513748654,
        0.4168085032789208,
        0.5368396089887219,
        0.6545147708050202,
        0.758753917281089
      ],
      "point_mae": [
        0.1346961339826093,
        0.12874993134070845,
        0.13360537610509815,
        0.13756034128806172,
        0.14454467269573726,
        0.1516860554396522,
        0.13506611348951564,
        0.1948317356553732,
        0.3279056999979928,
        0.43705068718642,
        0.5522896696747553,
        0.6482463697237628
      ]
    },
    "overall": {
      "mse": 28164307722.755554,
      "rmse": 167822.25038044137,
      "mae": 35853.504762302335
    }
  },
  "normalized": {
    "per_variable": {
      "mse": [
        0.20136050183165308,
        0.11366641009087657,
        0.19578797041201124,
        0.11150704116447299,
        0.1140047135072596,
        0.06525311575683893,
        0.1487612913543103,
        0.14817234426386217,
        0.17895958978989546,
        0.05458820043825636
      ],
      "rmse": [
        0.4487321047480925,
        0.33714449438019384,
        0.4424793446162332,
        0.33392670028686383,
        0.33764584035237216,
        0.25544689420080824,
        0.3856958534315741,
        0.3849316098527921,
        0.42303615659881305,
        0.2336411788154142
      ],
      "mae": [
        0.2833396703682694,
        0.1969183904610428,
        0.27908039317411537,
        0.19509363907458735,
        0.22022831726074218,
        0.15448354429357192,
        0.2554796366224102,
        0.25591329971014287,
        0.2857479263006472,
        0.14719738747091854
      ],
      "point_mse": [
        0.19820541947321507,
        0.07948332896265521,
        0.18473992537378128,
        0.07721941094988484,
        0.12375638830916631,
        0.045625700268507395,
        0.2403876666815931,
        0.23647087460739938,
        0.14931455128545904,
        0.033524143688242365
      ],
      "point_rmse": [
        0.44520267235632704,
        0.2819278790092516,
        0.4298138264106697,
        0.2778838083622089,
        0.3517902618168478,
        0.21360173283123757,
        0.49029344956015175,
        0.4862827105783213,
        0.3864124108843543,
        0.18309599582798736
      ],
      "point_mae": [
        0.3511635209342428,
        0.2112119143792227,
        0.33974293634003283,
        0.20824782988604376,
        0.2821090628995615,
        0.16889477641705206,
        0.4035695587449214,
        0.3999606462962487,
        0.2844059449784896,
        0.13724248063768826
      ]
    },
    "per_lead": {
      "rmse": [
        0.3519560475771115,
        0.35015839776700336,
        0.35078711135173946,
        0.3456153873323767,
        0.3462404833404117,
        0.3455878097175075,
        0.34219558886321444,
        0.469310301111858,
        0.5965316368099782,
        0.707236470777734,
        0.7764937111323119,
        0.8231552390905977
      ],
      "point_rmse": [
        0.14584316405480108,
        0.14219828380417734,
        0.14563682608907091,
        0.14826469253818395,
        0.1525342859186226,
        0.15348957612564576,
        0.14501504807291282,
        0.18309599582798736,
        0.2936063433794444,
        0.3781581056564776,
        0.4610503083827149,
        0.5344779725717084
      ],
      "point_mae": [
        0.09488203677841846,
        0.09069343866305608,
        0.09411368931771494,
        0.09689962778094352,
        0.10181949713139557,
        0.10685000203403772,
        0.09514265275542058,
        0.13724248063768826,
        0.23098183805030761,
        0.30786525294184686,
        0.3890413690283142,
        0.45663474939231363
      ]
    },
    "overall": {
      "mse": 0.1332061178982117,
      "rmse": 0.3649741331905752,
      "mae": 0.22734822044565908
    }
  }
}